Date,Event Type,Number of Drivers,Demand,Inventory Level,Depot,Quantity Delivered,Distance from Depot (km),Number of Stations,Discounts
4/23/2023,Repair,0,19,3497573,Depot A,50,33,20,19
11/8/2023,Repair,1,9,4913615,Depot B,31,20,14,14
2/14/2024,Inspection,0,3,3504352,Depot B,43,19,13,17
10/7/2023,Inspection,7,16,191668,Depot B,100,41,18,4
8/31/2023,Inspection,6,35,6784876,Depot A,91,60,0,12
1/9/2024,Repair,7,34,6926087,Depot A,76,79,12,18
12/26/2023,Maintenance,7,15,375492,Depot A,50,27,11,4
5/18/2023,Repair,4,5,5702495,Depot A,13,9,14,2
5/19/2023,Repair,10,22,4855774,Depot A,34,75,4,20
7/12/2023,Repair,10,20,630821,Depot A,88,63,15,7
2/24/2024,Repair,0,14,2148465,Depot B,60,6,8,6
7/3/2023,Inspection,4,36,7290310,Depot A,48,85,18,15
1/27/2024,Maintenance,5,26,2849586,Depot A,95,14,19,4
12/1/2023,Repair,1,38,3932794,Depot B,75,56,8,5
4/15/2023,Inspection,0,33,5013950,Depot B,8,29,2,14
1/24/2024,Maintenance,2,3,2280546,Depot A,48,77,14,10
6/8/2023,Inspection,6,6,2989171,Depot B,6,32,4,12
3/17/2023,Inspection,8,37,1020104,Depot A,58,1,15,4
6/19/2023,Maintenance,8,35,7873064,Depot B,72,38,5,16
2/25/2024,Maintenance,6,47,7255336,Depot B,80,34,8,1
2/27/2024,Repair,7,26,1477513,Depot B,11,96,16,9
1/6/2024,Maintenance,4,14,622406,Depot B,11,81,16,0
4/19/2023,Repair,6,36,3707760,Depot A,37,70,5,7
4/23/2023,Maintenance,3,6,4322343,Depot A,6,79,8,18
3/12/2023,Repair,7,2,3835103,Depot B,63,2,16,0
2/5/2024,Repair,10,43,9346119,Depot A,24,83,16,17
6/6/2023,Repair,10,15,7185822,Depot A,7,96,9,5
8/21/2023,Repair,10,11,8248275,Depot B,6,65,1,0
7/25/2023,Repair,6,7,8875361,Depot B,77,96,13,4
6/15/2023,Maintenance,6,43,1530604,Depot B,88,99,0,3
12/1/2023,Repair,1,30,1670197,Depot B,72,7,12,17
1/19/2024,Repair,2,39,7984305,Depot B,44,57,17,15
11/6/2023,Maintenance,8,15,2340453,Depot B,14,71,10,1
5/7/2023,Inspection,4,38,3539229,Depot B,11,21,1,13
11/28/2023,Maintenance,8,33,4358151,Depot A,17,84,17,16
8/4/2023,Repair,3,27,1894602,Depot B,19,86,18,12
8/24/2023,Repair,0,33,4731450,Depot B,21,37,3,14
6/25/2023,Repair,3,48,5938509,Depot B,7,0,4,1
9/22/2023,Inspection,5,23,3650173,Depot B,77,42,1,9
9/6/2023,Inspection,4,8,4567829,Depot A,87,7,18,3
11/20/2023,Maintenance,6,34,8384373,Depot A,77,5,6,5
8/12/2023,Inspection,5,12,3639427,Depot A,72,4,13,16
8/9/2023,Maintenance,0,8,9718419,Depot A,34,83,4,1
2/26/2024,Maintenance,7,16,886547,Depot A,87,81,7,19
12/1/2023,Maintenance,6,24,5835853,Depot B,32,81,9,9
3/30/2023,Inspection,4,30,7867168,Depot A,83,52,9,9
7/5/2023,Inspection,9,44,9206457,Depot A,77,15,17,11
9/27/2023,Maintenance,8,34,9267739,Depot A,77,36,12,14
11/29/2023,Inspection,10,19,2303744,Depot B,83,71,0,8
6/22/2023,Maintenance,9,19,7067283,Depot A,84,48,14,11
3/14/2023,Inspection,1,18,2653032,Depot A,25,13,3,14
7/8/2023,Maintenance,8,43,1518358,Depot A,14,18,16,3
6/29/2023,Maintenance,10,17,6574063,Depot B,97,79,11,14
11/28/2023,Maintenance,1,19,3247280,Depot A,98,68,15,9
3/7/2023,Repair,2,0,9870318,Depot A,16,97,2,10
4/10/2023,Repair,4,18,3757839,Depot A,62,65,3,20
4/7/2023,Inspection,9,12,6891117,Depot B,70,88,14,15
1/15/2024,Repair,9,39,8291499,Depot B,16,13,11,16
1/22/2024,Inspection,10,48,781443,Depot B,1,12,20,4
6/16/2023,Inspection,7,47,7647120,Depot A,9,73,19,3
6/12/2023,Repair,0,12,161387,Depot B,7,43,20,16
10/6/2023,Maintenance,7,29,5665662,Depot B,15,60,14,2
5/17/2023,Maintenance,1,15,4510694,Depot B,74,16,12,4
4/5/2023,Inspection,0,48,6615428,Depot B,28,38,0,1
11/2/2023,Repair,7,0,7638740,Depot A,12,69,17,12
12/29/2023,Maintenance,8,42,9300989,Depot A,61,21,0,20
9/21/2023,Inspection,1,34,4238615,Depot B,84,44,11,10
4/27/2023,Maintenance,0,1,4286307,Depot A,9,93,16,16
11/18/2023,Maintenance,10,21,8484206,Depot A,91,98,2,7
1/7/2024,Repair,5,8,5886529,Depot B,0,32,6,7
5/19/2023,Maintenance,3,17,839537,Depot B,75,30,9,3
12/7/2023,Repair,9,21,4625871,Depot B,94,26,14,5
10/9/2023,Inspection,10,1,6129792,Depot B,24,6,5,0
7/4/2023,Inspection,10,21,2573707,Depot B,69,49,17,3
12/3/2023,Inspection,3,14,8840202,Depot A,89,47,7,18
5/21/2023,Repair,9,15,1838515,Depot A,9,32,14,12
11/3/2023,Maintenance,0,27,9019442,Depot B,56,64,16,0
1/6/2024,Maintenance,10,44,8626846,Depot A,69,19,6,15
5/3/2023,Repair,2,2,5097253,Depot A,27,100,7,17
4/18/2023,Inspection,3,43,4827829,Depot B,32,2,1,18
3/16/2023,Maintenance,6,6,6285986,Depot A,31,54,14,3
11/21/2023,Repair,10,39,1054263,Depot A,23,72,11,16
7/19/2023,Maintenance,10,13,4446627,Depot A,73,74,5,7
7/24/2023,Inspection,9,26,9993464,Depot A,5,4,18,12
8/17/2023,Repair,0,23,1474064,Depot A,69,35,14,4
1/9/2024,Maintenance,0,9,1704579,Depot B,16,8,11,16
1/4/2024,Inspection,9,10,9715897,Depot A,23,81,13,10
4/17/2023,Maintenance,3,37,7713324,Depot A,69,39,20,17
5/30/2023,Inspection,8,10,6609860,Depot B,37,85,8,20
2/13/2024,Maintenance,9,27,4993173,Depot B,19,96,3,13
6/25/2023,Repair,6,49,631046,Depot B,80,24,15,2
1/11/2024,Repair,8,5,5838090,Depot B,44,81,7,1
8/16/2023,Repair,0,12,5604468,Depot B,3,55,8,9
11/24/2023,Repair,9,36,2696876,Depot A,80,57,6,13
7/17/2023,Repair,7,40,520574,Depot B,88,6,18,2
1/24/2024,Repair,1,42,7925418,Depot B,84,40,20,0
4/30/2023,Maintenance,4,0,8210746,Depot A,57,74,19,0
12/8/2023,Repair,0,39,1381395,Depot B,55,72,6,0
7/14/2023,Maintenance,2,46,7289688,Depot B,13,58,8,11
10/26/2023,Inspection,2,50,1026428,Depot A,83,12,4,8
1/17/2024,Inspection,3,40,2350156,Depot A,8,21,0,13
2/12/2024,Repair,7,34,8566351,Depot A,9,40,5,15
6/27/2023,Maintenance,5,38,5170617,Depot B,77,3,1,16
9/29/2023,Repair,2,19,7020689,Depot B,23,48,7,0
9/27/2023,Repair,6,46,6823981,Depot A,56,51,15,6
2/24/2024,Maintenance,9,13,6288968,Depot B,39,70,4,17
7/19/2023,Inspection,3,42,6454837,Depot B,87,22,5,11
4/23/2023,Maintenance,4,17,6618543,Depot A,26,57,20,7
3/23/2023,Repair,10,46,743826,Depot B,50,16,18,6
7/15/2023,Maintenance,10,5,6720320,Depot B,62,100,13,2
11/4/2023,Repair,9,43,6169857,Depot A,92,54,13,16
4/9/2023,Repair,10,28,4683739,Depot B,56,95,11,5
10/18/2023,Inspection,8,39,792278,Depot A,28,31,5,6
6/7/2023,Maintenance,2,50,5687235,Depot A,45,28,10,12
2/12/2024,Inspection,7,3,419912,Depot B,49,35,20,14
1/18/2024,Repair,7,8,5391096,Depot B,94,13,15,1
3/31/2023,Repair,1,19,5974673,Depot B,5,34,5,13
8/14/2023,Inspection,1,17,3999604,Depot B,70,6,15,1
11/18/2023,Inspection,7,41,9221791,Depot B,24,58,19,4
3/28/2023,Maintenance,6,38,8026493,Depot A,84,14,12,8
5/29/2023,Inspection,7,10,8989071,Depot B,55,86,6,3
11/8/2023,Repair,10,12,9621160,Depot A,97,46,13,13
1/22/2024,Inspection,9,2,1697917,Depot A,26,51,7,0
6/15/2023,Inspection,2,31,4839093,Depot A,57,6,13,19
4/14/2023,Repair,0,25,1018606,Depot B,57,13,6,7
7/26/2023,Maintenance,2,11,6863153,Depot A,17,98,5,4
8/29/2023,Inspection,8,24,3409859,Depot B,38,41,7,4
10/31/2023,Inspection,10,6,1232648,Depot A,98,42,6,3
9/5/2023,Inspection,6,9,9278223,Depot A,53,7,3,11
2/11/2024,Repair,0,39,3988362,Depot A,37,12,3,7
8/22/2023,Inspection,6,16,1519759,Depot B,5,19,8,19
2/17/2024,Maintenance,0,36,3706425,Depot A,66,100,18,14
5/10/2023,Maintenance,7,24,2651791,Depot B,38,52,8,2
12/29/2023,Repair,6,26,5750489,Depot A,34,50,18,13
10/23/2023,Inspection,1,13,38239,Depot B,43,45,15,8
7/9/2023,Repair,6,21,5272692,Depot B,17,64,18,4
12/31/2023,Inspection,5,26,9814884,Depot A,78,48,6,11
12/21/2023,Repair,8,45,9287383,Depot B,13,49,13,17
9/24/2023,Maintenance,10,35,5817035,Depot A,25,55,3,10
12/21/2023,Repair,7,13,11687,Depot B,19,26,13,2
9/7/2023,Repair,1,1,7225191,Depot A,65,61,2,15
11/15/2023,Inspection,0,24,6915343,Depot A,10,18,11,19
1/13/2024,Maintenance,7,22,8815948,Depot B,74,63,13,20
10/11/2023,Inspection,4,30,3389366,Depot A,48,74,15,7
4/3/2023,Maintenance,4,43,5715199,Depot A,78,10,9,2
12/5/2023,Inspection,0,49,4975586,Depot A,20,81,0,0
12/8/2023,Maintenance,1,8,9333517,Depot B,89,14,0,0
11/26/2023,Maintenance,7,11,9060963,Depot A,62,80,13,3
2/17/2024,Inspection,10,18,6113349,Depot A,57,8,17,0
2/19/2024,Repair,10,42,9607125,Depot A,93,31,9,4
4/16/2023,Maintenance,4,17,2791798,Depot A,26,74,19,17
7/5/2023,Maintenance,8,4,7692310,Depot A,67,44,10,12
7/14/2023,Repair,6,17,3834070,Depot A,89,94,17,3
2/6/2024,Repair,0,30,6999301,Depot B,22,64,15,12
5/8/2023,Inspection,3,33,7514781,Depot A,1,59,16,1
6/25/2023,Repair,9,30,8400872,Depot B,55,69,4,19
11/13/2023,Inspection,0,4,7636515,Depot B,31,37,0,6
5/6/2023,Repair,4,33,2058290,Depot B,22,37,0,16
9/20/2023,Maintenance,10,27,2367540,Depot A,1,78,12,7
6/10/2023,Repair,1,35,1873549,Depot A,99,13,2,0
2/1/2024,Repair,6,38,4447702,Depot B,51,77,13,12
3/4/2023,Repair,7,32,6086985,Depot A,7,78,6,10
3/28/2023,Maintenance,5,41,8856474,Depot A,66,94,5,2
12/11/2023,Inspection,5,46,2663993,Depot B,28,16,10,17
10/12/2023,Repair,2,34,159872,Depot B,73,83,15,17
11/19/2023,Maintenance,0,24,2577739,Depot A,14,100,9,10
8/4/2023,Repair,10,17,7115819,Depot B,68,6,7,11
1/21/2024,Inspection,0,6,7667070,Depot B,88,1,4,12
7/18/2023,Repair,8,4,567629,Depot B,61,53,7,5
11/13/2023,Inspection,2,5,1188725,Depot A,65,63,3,13
12/24/2023,Repair,3,31,5432483,Depot B,88,90,9,20
2/5/2024,Inspection,3,43,7876340,Depot B,29,7,4,20
10/24/2023,Inspection,4,45,1331108,Depot A,74,90,20,13
1/7/2024,Repair,10,27,434527,Depot A,69,15,0,17
3/24/2023,Inspection,5,33,3402554,Depot B,35,16,3,13
1/19/2024,Maintenance,10,23,2426300,Depot B,28,92,11,20
6/18/2023,Maintenance,0,21,7754552,Depot B,66,67,15,11
10/29/2023,Repair,9,1,6555290,Depot B,9,90,18,13
7/28/2023,Inspection,2,50,1914628,Depot B,16,27,19,1
12/4/2023,Inspection,6,16,4751159,Depot A,2,36,9,19
9/3/2023,Repair,1,7,8599691,Depot B,52,21,11,4
5/6/2023,Maintenance,1,23,5426057,Depot A,83,42,19,5
5/24/2023,Maintenance,4,32,1325572,Depot B,94,85,18,10
6/26/2023,Repair,6,28,7714408,Depot A,27,56,8,2
4/27/2023,Repair,9,21,9883021,Depot B,18,74,13,8
2/22/2024,Repair,8,33,3522965,Depot A,99,54,2,16
10/6/2023,Repair,5,47,758559,Depot A,23,30,6,20
1/28/2024,Inspection,0,27,4481112,Depot B,61,73,12,15
2/5/2024,Repair,5,41,615855,Depot A,59,47,17,2
12/7/2023,Maintenance,9,46,5241786,Depot A,20,10,15,13
1/29/2024,Maintenance,6,31,2665742,Depot B,89,46,19,16
8/8/2023,Repair,2,39,1002461,Depot B,36,14,18,7
8/8/2023,Inspection,9,1,9342839,Depot A,11,37,7,0
10/24/2023,Maintenance,0,30,9846424,Depot B,33,16,8,18
7/26/2023,Repair,1,30,8755710,Depot B,13,39,1,18
6/2/2023,Repair,8,50,9447473,Depot A,96,88,2,19
12/25/2023,Repair,7,20,8511421,Depot B,24,90,7,2
3/23/2023,Inspection,5,34,6140449,Depot B,58,6,12,11
12/21/2023,Repair,4,47,2529349,Depot B,37,46,0,5
4/30/2023,Inspection,4,8,5244524,Depot A,92,72,0,2
5/24/2023,Inspection,1,13,1078024,Depot B,38,27,6,13
9/30/2023,Repair,7,41,7895888,Depot A,78,71,19,20
1/22/2024,Repair,2,35,1239174,Depot B,35,53,3,17
3/5/2023,Maintenance,10,48,5215421,Depot B,16,67,14,7
10/31/2023,Maintenance,9,13,5387778,Depot B,58,64,13,2
6/22/2023,Inspection,6,14,2424526,Depot A,73,38,16,15
6/10/2023,Maintenance,6,41,4813649,Depot A,91,39,5,15
8/7/2023,Maintenance,5,37,1144909,Depot B,27,44,11,18
10/20/2023,Maintenance,4,47,6770687,Depot A,3,88,6,1
6/25/2023,Inspection,1,0,8638981,Depot B,11,88,9,9
6/26/2023,Repair,0,7,6075917,Depot A,23,34,13,7
5/28/2023,Repair,8,38,6380902,Depot A,5,58,4,1
8/11/2023,Inspection,9,2,777339,Depot B,90,53,3,11
7/22/2023,Inspection,1,9,6067129,Depot A,59,37,18,19
1/17/2024,Repair,9,27,1509942,Depot A,59,21,19,16
7/18/2023,Maintenance,1,19,7433311,Depot B,81,39,1,10
1/31/2024,Maintenance,2,49,9937248,Depot A,98,23,3,13
9/24/2023,Maintenance,3,3,8249100,Depot A,62,37,17,12
8/28/2023,Inspection,3,43,5923148,Depot B,32,67,10,5
9/23/2023,Maintenance,2,39,1240906,Depot A,6,2,6,0
3/14/2023,Repair,2,34,9122641,Depot B,44,86,10,4
9/5/2023,Maintenance,6,22,4064191,Depot B,57,61,11,4
4/7/2023,Repair,0,20,6131732,Depot A,51,67,5,1
6/29/2023,Maintenance,10,44,6379908,Depot A,17,26,9,11
1/3/2024,Inspection,3,14,3897578,Depot A,46,26,5,2
2/11/2024,Maintenance,1,12,3947251,Depot B,34,14,3,19
6/21/2023,Inspection,10,30,5604771,Depot A,39,7,13,3
11/2/2023,Inspection,8,10,5329997,Depot A,62,77,19,15
7/22/2023,Inspection,3,32,3251637,Depot A,12,74,9,20
1/13/2024,Maintenance,0,34,4563566,Depot B,78,66,4,8
6/7/2023,Inspection,6,39,614065,Depot A,54,63,2,17
8/8/2023,Inspection,2,33,2632084,Depot A,18,84,18,9
6/12/2023,Repair,4,2,3285681,Depot A,26,46,15,17
9/30/2023,Maintenance,5,41,6268571,Depot A,51,15,9,10
2/1/2024,Maintenance,7,45,3327691,Depot B,25,46,5,6
3/26/2023,Inspection,2,16,7418866,Depot A,74,9,20,19
9/1/2023,Repair,8,10,9661447,Depot B,7,37,6,16
5/31/2023,Repair,9,49,365509,Depot A,67,79,6,9
7/20/2023,Maintenance,8,25,4046531,Depot B,87,71,14,9
10/18/2023,Maintenance,2,11,6634003,Depot A,12,9,16,1
1/29/2024,Maintenance,6,16,6901777,Depot A,13,27,17,17
12/8/2023,Maintenance,6,40,2767312,Depot B,29,27,0,17
3/28/2023,Inspection,3,39,4632496,Depot A,53,32,14,16
3/6/2023,Maintenance,6,9,1627006,Depot A,34,38,0,0
5/26/2023,Repair,1,31,7078377,Depot A,33,97,2,12
8/5/2023,Inspection,7,40,765512,Depot A,16,30,14,12
1/26/2024,Inspection,2,10,1112601,Depot B,76,88,6,7
2/4/2024,Inspection,4,14,9921554,Depot A,80,73,12,8
5/11/2023,Inspection,0,22,7824117,Depot B,80,25,8,11
3/22/2023,Inspection,0,26,830770,Depot B,63,43,18,4
4/15/2023,Maintenance,4,35,1201695,Depot A,45,25,0,11
7/20/2023,Inspection,5,22,653586,Depot A,21,15,17,12
10/20/2023,Maintenance,1,29,1204325,Depot A,39,18,15,17
3/7/2023,Inspection,1,4,5250741,Depot A,25,64,0,16
6/17/2023,Inspection,2,41,9612489,Depot A,9,44,7,10
5/10/2023,Inspection,10,2,6949214,Depot A,63,100,14,19
8/23/2023,Repair,3,14,1501654,Depot A,22,80,0,0
7/26/2023,Maintenance,10,16,593368,Depot B,77,8,8,6
4/6/2023,Repair,4,48,2245796,Depot A,32,92,14,11
12/23/2023,Inspection,7,20,9825329,Depot A,7,100,4,13
4/3/2023,Inspection,4,23,9489534,Depot B,41,50,15,7
9/6/2023,Inspection,7,8,2315315,Depot B,46,51,19,11
9/8/2023,Maintenance,9,38,6311203,Depot A,84,94,18,18
6/8/2023,Inspection,0,18,3225597,Depot A,3,11,16,17
7/7/2023,Maintenance,6,27,5970019,Depot B,63,31,7,19
7/23/2023,Maintenance,6,40,6168557,Depot B,41,9,16,16
8/12/2023,Inspection,6,41,5414830,Depot B,79,59,7,12
12/22/2023,Maintenance,2,45,2681286,Depot B,60,77,12,6
11/21/2023,Inspection,10,3,5467315,Depot A,13,16,1,2
2/10/2024,Inspection,2,0,7148970,Depot B,41,8,19,17
5/9/2023,Inspection,8,23,486140,Depot A,34,67,11,8
8/27/2023,Repair,3,18,5830225,Depot B,17,13,20,4
12/9/2023,Inspection,2,0,4239735,Depot A,54,77,18,17
3/17/2023,Maintenance,0,39,2326709,Depot B,61,6,17,1
1/29/2024,Maintenance,1,47,2450500,Depot B,94,69,20,4
8/28/2023,Repair,9,49,7892921,Depot A,56,10,20,20
10/4/2023,Inspection,6,50,6799884,Depot A,100,100,5,12
12/6/2023,Maintenance,2,22,8402379,Depot A,89,3,6,7
3/24/2023,Maintenance,0,15,4380166,Depot A,39,90,17,0
2/1/2024,Inspection,7,8,4981428,Depot A,81,67,8,7
5/21/2023,Inspection,2,19,3571188,Depot A,29,80,14,10
10/5/2023,Repair,1,35,3078288,Depot B,63,23,11,16
9/7/2023,Inspection,10,39,4532859,Depot A,93,6,9,16
3/10/2023,Maintenance,8,39,9531798,Depot B,22,32,0,9
8/20/2023,Inspection,3,21,1710185,Depot A,41,66,16,18
6/16/2023,Inspection,7,33,8076444,Depot A,55,91,17,2
2/6/2024,Inspection,2,30,5682007,Depot A,24,93,9,4
1/8/2024,Repair,4,44,9165838,Depot B,89,87,9,14
5/11/2023,Repair,1,50,212676,Depot B,46,48,16,7
7/23/2023,Repair,7,3,7160337,Depot B,51,65,0,1
8/29/2023,Maintenance,7,5,1286967,Depot B,84,92,10,20
8/15/2023,Maintenance,6,1,1397318,Depot B,71,17,1,10
6/3/2023,Repair,1,20,4456121,Depot B,35,37,9,3
9/18/2023,Repair,2,16,4890798,Depot B,32,65,10,6
6/2/2023,Inspection,8,38,9311113,Depot A,33,32,12,12
2/14/2024,Repair,7,44,660663,Depot A,83,88,11,20
8/17/2023,Maintenance,5,4,1613858,Depot A,13,65,7,8
2/26/2024,Maintenance,10,16,7998898,Depot A,97,84,7,7
10/26/2023,Inspection,6,2,4169923,Depot B,1,37,9,10
2/6/2024,Inspection,4,45,2195548,Depot A,27,94,0,12
11/11/2023,Maintenance,0,40,7914313,Depot B,84,6,4,3
9/4/2023,Maintenance,2,27,2674787,Depot A,49,9,2,19
4/22/2023,Repair,3,32,5277668,Depot B,73,13,10,13
4/25/2023,Inspection,4,15,9735821,Depot A,84,9,12,7
6/21/2023,Repair,3,15,3086068,Depot A,74,46,0,3
4/4/2023,Repair,9,48,783231,Depot A,70,37,20,9
12/24/2023,Maintenance,7,33,4362081,Depot A,51,85,14,11
8/20/2023,Inspection,3,38,2459137,Depot B,80,4,15,10
8/20/2023,Maintenance,5,33,3298910,Depot B,67,45,16,10
6/8/2023,Inspection,2,38,6274121,Depot B,36,35,5,2
12/5/2023,Inspection,4,19,3956708,Depot B,13,70,7,12
12/27/2023,Maintenance,1,45,5996588,Depot B,58,63,2,9
10/9/2023,Repair,8,33,6873496,Depot A,93,37,1,11
1/7/2024,Repair,7,34,3429729,Depot A,46,64,6,11
6/24/2023,Inspection,2,23,9404331,Depot A,27,14,4,17
5/5/2023,Repair,2,0,2943244,Depot A,14,71,3,17
4/18/2023,Maintenance,2,2,7256246,Depot B,88,86,5,12
3/29/2023,Inspection,4,42,7488223,Depot A,0,32,17,9
4/5/2023,Repair,3,2,6640885,Depot A,93,5,0,7
9/29/2023,Repair,9,7,2016526,Depot A,67,90,10,19
6/7/2023,Repair,8,7,5796918,Depot A,85,76,18,19
2/5/2024,Maintenance,4,4,1086347,Depot B,14,52,6,17
10/2/2023,Repair,2,50,7281732,Depot A,69,57,13,15
5/28/2023,Inspection,5,26,1124627,Depot A,6,28,1,0
6/20/2023,Inspection,0,32,8823942,Depot A,4,5,12,15
4/1/2023,Inspection,0,46,6406782,Depot B,25,25,5,13
11/26/2023,Repair,9,18,7906351,Depot A,50,2,15,16
5/14/2023,Inspection,9,49,3717198,Depot A,8,20,10,3
11/28/2023,Maintenance,3,50,4867608,Depot B,63,80,20,5
10/9/2023,Maintenance,8,44,4834955,Depot B,94,46,4,1
1/9/2024,Maintenance,3,18,175137,Depot A,68,90,1,9
2/2/2024,Inspection,6,45,9011153,Depot B,70,57,17,9
7/27/2023,Inspection,6,19,9994848,Depot A,72,33,10,9
1/10/2024,Maintenance,4,23,5789077,Depot A,11,12,16,20
6/20/2023,Repair,9,31,924378,Depot A,42,12,19,10
1/9/2024,Maintenance,1,13,4249493,Depot A,56,7,5,13
12/14/2023,Repair,0,17,6008997,Depot A,55,61,18,16
9/5/2023,Maintenance,7,15,3486422,Depot B,49,66,20,12
12/16/2023,Maintenance,1,34,8270135,Depot B,7,68,6,3
8/9/2023,Inspection,9,15,7303436,Depot B,10,77,20,5
9/27/2023,Inspection,10,18,6339410,Depot B,93,40,11,4
10/27/2023,Inspection,4,34,3631613,Depot B,58,38,2,5
11/1/2023,Inspection,4,39,9321221,Depot A,53,81,6,18
9/24/2023,Maintenance,6,49,4821955,Depot B,0,1,18,16
11/13/2023,Maintenance,6,41,6960708,Depot B,76,8,19,11
8/6/2023,Repair,7,2,4568055,Depot B,100,9,0,17
1/26/2024,Maintenance,5,2,435217,Depot B,40,82,14,17
3/11/2023,Maintenance,7,2,8041399,Depot A,56,51,12,10
3/2/2023,Repair,7,42,4297706,Depot B,89,45,7,13
4/13/2023,Inspection,1,16,3947400,Depot A,38,21,8,1
2/9/2024,Repair,8,40,3299703,Depot A,24,26,7,2
8/4/2023,Inspection,9,30,2236601,Depot A,40,52,20,15
1/3/2024,Maintenance,7,37,5658208,Depot A,96,26,1,4
9/18/2023,Repair,8,2,1485579,Depot A,85,3,20,5
12/26/2023,Maintenance,6,39,7015876,Depot A,17,10,7,10
12/28/2023,Inspection,6,21,4771614,Depot B,4,12,8,10
7/17/2023,Maintenance,4,12,7101227,Depot B,80,55,3,10
1/4/2024,Maintenance,4,45,9984572,Depot A,39,48,13,13
4/16/2023,Maintenance,6,36,9316950,Depot A,95,76,15,11
5/12/2023,Maintenance,4,19,9857416,Depot B,22,80,13,14
6/17/2023,Repair,9,22,7480051,Depot A,14,46,15,5
11/4/2023,Maintenance,3,4,8533116,Depot B,53,60,19,0
11/13/2023,Maintenance,1,46,6437009,Depot A,4,45,4,5
4/29/2023,Repair,0,24,3044711,Depot A,38,67,0,2
7/13/2023,Inspection,5,10,2121582,Depot B,14,32,8,19
3/28/2023,Repair,0,7,2057534,Depot A,0,1,13,16
3/10/2023,Inspection,2,38,6748282,Depot A,17,74,17,7
5/16/2023,Maintenance,1,1,4326895,Depot B,78,60,17,2
2/8/2024,Inspection,4,18,9222594,Depot A,94,91,4,7
2/3/2024,Maintenance,0,4,8111870,Depot B,5,28,11,9
8/15/2023,Inspection,2,43,5040828,Depot B,92,40,16,11
4/10/2023,Maintenance,0,4,7360581,Depot B,67,77,11,8
6/13/2023,Inspection,3,25,2582869,Depot A,27,83,1,17
6/29/2023,Inspection,1,31,1994276,Depot B,15,99,5,3
10/14/2023,Repair,5,41,2747721,Depot B,75,66,15,19
2/4/2024,Maintenance,5,12,5566465,Depot A,44,88,20,12
6/28/2023,Repair,6,30,1925402,Depot B,97,78,15,9
5/16/2023,Maintenance,1,27,1097870,Depot A,79,50,14,6
8/25/2023,Inspection,5,18,8224368,Depot A,99,76,7,11
2/14/2024,Repair,2,27,6832009,Depot A,57,4,2,16
9/22/2023,Inspection,10,5,2112420,Depot A,28,70,6,12
2/3/2024,Maintenance,9,31,9440610,Depot A,37,76,16,1
11/25/2023,Inspection,0,17,4344772,Depot B,88,17,19,4
6/23/2023,Maintenance,4,17,2528588,Depot B,51,4,11,17
2/20/2024,Inspection,8,7,2472953,Depot B,22,8,9,6
5/28/2023,Repair,8,36,1980891,Depot A,78,11,2,12
7/11/2023,Repair,8,3,1389428,Depot B,50,66,9,3
10/3/2023,Maintenance,4,18,2590741,Depot A,52,45,10,19
4/3/2023,Maintenance,10,44,628988,Depot A,76,69,20,5
9/28/2023,Maintenance,3,10,9558047,Depot A,14,37,20,3
2/16/2024,Repair,0,26,9846805,Depot B,5,88,11,4
3/1/2023,Maintenance,0,16,7419697,Depot B,77,3,7,2
3/5/2023,Maintenance,3,43,5088260,Depot B,89,48,6,16
8/5/2023,Inspection,7,22,1554151,Depot A,11,53,19,14
9/20/2023,Maintenance,4,32,5598079,Depot B,31,62,11,5
3/28/2023,Maintenance,3,38,9176047,Depot B,70,22,4,11
4/15/2023,Repair,6,42,4175744,Depot B,2,86,11,5
6/10/2023,Repair,10,6,9657855,Depot B,83,68,8,9
5/16/2023,Inspection,8,42,5377483,Depot A,66,11,7,1
10/12/2023,Repair,9,33,9324269,Depot A,63,17,4,11
10/17/2023,Maintenance,8,9,5114265,Depot A,100,30,9,8
9/27/2023,Repair,5,40,156436,Depot B,32,73,5,18
2/9/2024,Repair,6,49,4119173,Depot A,59,59,14,1
1/16/2024,Maintenance,8,13,5475586,Depot A,66,27,3,8
5/11/2023,Inspection,8,14,5994991,Depot A,63,20,3,18
1/25/2024,Maintenance,1,1,9605763,Depot A,16,23,19,12
1/11/2024,Inspection,5,23,9782974,Depot A,4,5,18,9
12/14/2023,Maintenance,5,25,1117154,Depot B,21,100,13,12
5/13/2023,Maintenance,1,20,8853062,Depot B,95,16,13,15
5/30/2023,Repair,2,38,1879072,Depot A,82,40,0,6
2/17/2024,Repair,3,34,9279023,Depot B,99,8,20,4
3/18/2023,Maintenance,10,49,3212980,Depot B,23,13,14,5
4/10/2023,Inspection,3,10,700369,Depot B,43,3,16,19
4/30/2023,Maintenance,5,10,2573151,Depot B,66,25,11,1
6/29/2023,Inspection,10,42,6370215,Depot B,79,85,19,18
7/22/2023,Repair,5,46,9551118,Depot A,40,30,2,10
6/3/2023,Maintenance,4,8,9434142,Depot A,14,79,20,7
5/1/2023,Inspection,10,1,2427960,Depot A,75,20,15,14
6/3/2023,Repair,6,17,6382533,Depot B,40,1,14,2
5/17/2023,Repair,2,41,1029816,Depot B,26,97,5,13
8/19/2023,Maintenance,4,19,5325266,Depot A,63,38,6,12
9/10/2023,Repair,1,10,4398675,Depot B,98,55,19,16
8/9/2023,Maintenance,3,9,5405152,Depot A,3,19,13,8
9/17/2023,Inspection,6,48,3088750,Depot A,4,12,15,4
12/8/2023,Inspection,10,37,3865785,Depot B,92,4,17,5
5/6/2023,Maintenance,4,50,5692235,Depot B,45,97,16,0
1/5/2024,Maintenance,0,29,9739665,Depot B,18,95,14,15
11/13/2023,Maintenance,8,27,5323969,Depot B,92,60,8,18
1/2/2024,Inspection,7,42,7084475,Depot B,4,5,10,6
8/15/2023,Inspection,0,43,6633301,Depot B,44,96,9,4
11/9/2023,Inspection,5,45,8665649,Depot A,44,4,8,5
8/4/2023,Repair,2,31,8513208,Depot A,32,93,1,15
5/20/2023,Maintenance,7,6,7236680,Depot A,66,58,17,15
5/16/2023,Maintenance,3,47,48748,Depot A,27,94,1,20
1/7/2024,Inspection,10,23,6450585,Depot A,22,42,17,7
10/10/2023,Maintenance,10,34,205673,Depot A,61,95,6,0
8/25/2023,Inspection,6,47,6759756,Depot A,86,81,19,13
5/2/2023,Inspection,10,30,2515750,Depot A,54,1,10,14
9/17/2023,Maintenance,3,36,5590316,Depot A,7,51,13,2
11/2/2023,Inspection,5,34,2650047,Depot B,19,6,6,8
3/30/2023,Inspection,4,49,3478380,Depot B,28,96,19,17
12/2/2023,Repair,9,14,6139838,Depot B,66,88,14,17
7/26/2023,Maintenance,10,17,790260,Depot A,19,64,19,8
1/2/2024,Inspection,4,49,7962041,Depot B,11,78,20,4
9/16/2023,Maintenance,1,2,3239672,Depot B,10,39,9,3
6/27/2023,Repair,4,26,4578233,Depot A,76,92,16,2
3/21/2023,Maintenance,9,22,7436822,Depot B,37,96,16,11
6/5/2023,Repair,8,44,1452068,Depot B,25,36,10,6
1/12/2024,Inspection,8,3,6608454,Depot A,47,83,0,14
6/28/2023,Maintenance,4,36,9023991,Depot A,92,89,16,10
12/18/2023,Maintenance,4,26,656252,Depot B,94,95,17,18
8/22/2023,Repair,8,4,4061054,Depot A,99,91,10,9
12/11/2023,Maintenance,4,20,6813024,Depot B,38,39,6,6
11/15/2023,Maintenance,7,7,2761073,Depot B,16,83,10,16
9/17/2023,Inspection,5,29,6742492,Depot B,68,6,17,2
12/15/2023,Inspection,0,31,2034268,Depot A,63,45,18,1
6/13/2023,Inspection,3,8,94017,Depot A,50,31,10,9
4/21/2023,Repair,1,12,5373740,Depot B,68,66,8,19
1/11/2024,Repair,9,28,56035,Depot B,1,8,10,16
9/18/2023,Maintenance,7,18,8236332,Depot A,44,88,11,6
4/1/2023,Maintenance,10,9,7552095,Depot B,29,42,13,14
5/9/2023,Inspection,10,1,9259691,Depot B,92,72,6,6
10/13/2023,Maintenance,7,33,4639510,Depot A,68,29,10,13
12/16/2023,Inspection,2,48,6292004,Depot B,80,24,18,0
2/23/2024,Inspection,4,30,4636888,Depot B,47,34,20,10
7/14/2023,Repair,2,33,3739754,Depot B,48,45,0,5
1/28/2024,Maintenance,8,30,7071672,Depot B,70,85,11,16
5/10/2023,Inspection,7,1,9320024,Depot A,92,85,2,17
8/6/2023,Repair,3,5,2080255,Depot A,7,7,15,7
5/26/2023,Maintenance,8,5,3207128,Depot A,64,98,16,3
10/4/2023,Inspection,3,1,7828492,Depot B,81,50,8,7
7/19/2023,Maintenance,9,29,9965208,Depot A,13,11,14,12
12/28/2023,Repair,3,42,4974371,Depot A,72,62,4,16
8/17/2023,Repair,4,49,1006192,Depot A,60,43,4,4
10/30/2023,Repair,9,19,9371438,Depot B,17,1,20,5
11/16/2023,Maintenance,7,42,1753644,Depot A,88,46,20,6
8/15/2023,Inspection,5,42,7651136,Depot B,2,38,9,1
5/31/2023,Inspection,7,20,831989,Depot B,52,20,12,8
11/14/2023,Repair,9,39,5462275,Depot B,11,2,0,3
6/30/2023,Repair,3,13,7278260,Depot B,50,64,16,4
5/1/2023,Inspection,10,27,7526344,Depot B,98,81,12,10
2/7/2024,Inspection,6,7,4929774,Depot A,44,32,11,13
8/31/2023,Inspection,4,23,7037478,Depot B,65,66,12,18
7/6/2023,Inspection,3,32,5501404,Depot B,56,90,9,19
5/25/2023,Inspection,2,49,7294211,Depot B,85,83,2,13
3/7/2023,Inspection,8,28,3989519,Depot A,97,8,10,14
8/6/2023,Inspection,2,40,5749695,Depot A,95,21,18,19
8/28/2023,Repair,4,24,7964007,Depot A,43,13,16,2
8/16/2023,Repair,9,8,8549879,Depot B,71,37,12,1
12/31/2023,Inspection,7,7,2436311,Depot B,68,42,12,7
1/29/2024,Repair,10,39,4007025,Depot B,64,4,15,17
4/19/2023,Inspection,9,49,4247929,Depot B,51,58,0,1
8/17/2023,Inspection,6,5,5248337,Depot A,41,55,0,12
10/24/2023,Repair,3,6,8085010,Depot A,0,37,3,0
6/18/2023,Inspection,10,2,6848364,Depot A,81,69,1,5
11/28/2023,Inspection,0,9,7835734,Depot B,80,9,18,4
2/23/2024,Repair,9,46,341249,Depot A,57,76,8,5
12/2/2023,Maintenance,4,28,3594179,Depot B,17,54,16,17
10/10/2023,Inspection,9,8,6220494,Depot B,37,33,17,3
7/23/2023,Repair,1,22,8201900,Depot A,93,94,13,8
4/15/2023,Inspection,5,50,8925876,Depot A,67,41,19,6
4/25/2023,Repair,5,44,8866842,Depot A,77,80,6,3
10/11/2023,Inspection,7,36,8333103,Depot B,77,95,15,20
9/4/2023,Repair,5,35,967406,Depot A,56,62,10,12
5/13/2023,Inspection,6,28,5623015,Depot A,83,4,17,3
4/7/2023,Maintenance,0,0,6900706,Depot B,39,8,0,6
6/17/2023,Maintenance,0,44,8398643,Depot B,20,18,10,10
12/4/2023,Repair,10,49,811856,Depot A,25,55,18,7
9/9/2023,Repair,1,49,6344236,Depot A,77,25,17,8
7/13/2023,Inspection,7,35,1376214,Depot B,59,37,15,7
9/10/2023,Inspection,7,46,3961387,Depot A,75,82,0,12
7/17/2023,Maintenance,3,38,3013893,Depot A,76,63,17,13
4/11/2023,Maintenance,1,23,3282796,Depot B,57,45,7,15
2/11/2024,Inspection,10,35,8410643,Depot B,61,15,14,1
3/31/2023,Maintenance,9,42,7568648,Depot A,31,71,18,18
8/25/2023,Repair,0,39,7877103,Depot B,58,55,15,5
12/14/2023,Inspection,2,20,7151489,Depot A,53,4,11,6
7/4/2023,Inspection,3,29,1179281,Depot A,75,15,7,2
5/24/2023,Maintenance,2,3,3243369,Depot A,94,43,7,15
6/7/2023,Inspection,10,50,3629830,Depot A,46,57,1,5
2/10/2024,Inspection,9,8,4997493,Depot A,49,78,19,10
2/25/2024,Maintenance,6,36,2257145,Depot B,78,97,14,10
4/25/2023,Repair,4,21,5742553,Depot B,22,92,2,11
4/13/2023,Maintenance,10,32,5761995,Depot B,36,70,1,3
8/27/2023,Maintenance,4,12,3649405,Depot B,62,20,2,11
1/28/2024,Inspection,9,17,4825681,Depot A,89,78,12,19
11/29/2023,Repair,8,47,981266,Depot A,75,27,6,1
5/9/2023,Inspection,10,10,7734645,Depot B,0,94,15,19
12/1/2023,Repair,7,27,9574203,Depot B,77,44,14,17
8/13/2023,Repair,8,27,256035,Depot B,41,42,9,13
12/3/2023,Inspection,4,24,4187643,Depot A,71,32,8,18
8/16/2023,Inspection,1,6,5549913,Depot A,100,71,2,17
8/9/2023,Inspection,6,37,1277166,Depot A,8,51,18,18
7/20/2023,Inspection,9,20,6881489,Depot A,18,46,18,1
11/7/2023,Maintenance,4,13,2733890,Depot A,76,66,15,1
3/19/2023,Maintenance,10,34,7101232,Depot B,42,0,3,8
2/1/2024,Maintenance,10,47,8276346,Depot B,82,17,20,17
6/7/2023,Maintenance,2,49,2594963,Depot A,92,37,17,3
5/22/2023,Repair,3,22,5478625,Depot B,66,30,7,4
10/30/2023,Maintenance,5,7,5967808,Depot A,88,11,6,15
8/12/2023,Repair,4,48,442218,Depot A,75,32,14,19
10/8/2023,Repair,1,45,1962842,Depot B,70,19,16,6
6/5/2023,Repair,10,14,9867222,Depot A,21,32,3,2
7/24/2023,Maintenance,4,8,3667287,Depot B,10,24,19,1
6/21/2023,Maintenance,7,47,2014089,Depot B,94,50,12,1
6/30/2023,Repair,9,27,7405237,Depot A,38,12,1,12
11/25/2023,Maintenance,2,3,8690950,Depot A,9,63,5,6
6/6/2023,Inspection,9,48,9993786,Depot A,24,56,9,13
8/6/2023,Repair,5,41,9803602,Depot B,20,7,9,9
11/24/2023,Repair,7,0,869232,Depot B,19,68,16,9
1/6/2024,Maintenance,0,21,1953532,Depot B,22,78,14,18
1/25/2024,Maintenance,8,42,5618137,Depot B,52,15,15,16
11/2/2023,Maintenance,6,13,7947567,Depot A,72,90,14,1
6/6/2023,Repair,7,49,4840417,Depot A,37,23,1,8
2/13/2024,Inspection,0,33,7167144,Depot A,90,98,4,7
5/18/2023,Repair,10,36,5456411,Depot A,72,25,18,11
8/25/2023,Maintenance,4,24,2128457,Depot B,11,93,18,2
2/9/2024,Repair,9,14,4681965,Depot B,69,100,0,19
4/26/2023,Repair,7,40,9086748,Depot A,97,61,16,0
7/14/2023,Inspection,0,46,4260562,Depot B,44,41,6,6
3/1/2023,Repair,8,33,4504404,Depot B,81,52,18,20
2/13/2024,Inspection,8,33,9987759,Depot B,20,39,14,8
4/13/2023,Inspection,2,40,2890749,Depot B,36,38,4,6
9/21/2023,Repair,3,0,2183673,Depot A,49,32,13,19
8/23/2023,Inspection,0,14,3908474,Depot B,24,41,18,18
1/1/2024,Inspection,0,37,9449666,Depot B,8,43,7,5
9/15/2023,Inspection,7,22,366772,Depot A,60,62,17,20
9/25/2023,Maintenance,4,33,3033868,Depot A,63,93,0,2
8/30/2023,Maintenance,9,34,9910318,Depot B,58,57,17,11
8/6/2023,Repair,2,4,6477214,Depot A,69,64,9,6
4/2/2023,Repair,9,18,2589269,Depot B,31,89,2,18
2/22/2024,Repair,10,12,3175999,Depot A,83,24,4,8
12/17/2023,Maintenance,10,5,1320613,Depot A,86,96,7,5
1/27/2024,Inspection,6,49,6346527,Depot B,16,54,4,11
1/17/2024,Inspection,4,48,1125870,Depot A,4,41,3,0
7/20/2023,Inspection,5,47,7515384,Depot A,7,80,16,2
3/2/2023,Maintenance,8,28,760364,Depot A,50,13,12,11
12/7/2023,Inspection,9,31,5725689,Depot A,13,28,4,2
6/9/2023,Repair,6,9,4187889,Depot A,55,32,3,15
7/6/2023,Maintenance,1,2,3519526,Depot A,90,91,15,6
8/17/2023,Maintenance,6,34,1855819,Depot A,42,23,15,4
3/1/2023,Inspection,5,3,6127702,Depot B,84,87,17,17
8/23/2023,Inspection,9,19,1010207,Depot B,42,5,2,9
6/24/2023,Maintenance,8,18,1684614,Depot A,25,63,12,16
6/16/2023,Inspection,4,5,4851324,Depot A,81,3,8,19
4/13/2023,Inspection,1,4,5049070,Depot A,67,16,19,6
4/3/2023,Repair,3,46,2952515,Depot A,94,83,12,16
3/31/2023,Inspection,10,14,7998978,Depot B,28,49,6,16
3/3/2023,Maintenance,3,29,1549745,Depot A,51,95,10,10
7/29/2023,Maintenance,3,6,5498631,Depot B,78,81,7,17
12/9/2023,Repair,5,21,275319,Depot A,8,76,13,12
7/1/2023,Inspection,6,12,8304165,Depot B,3,23,9,4
6/27/2023,Inspection,6,31,776272,Depot B,41,66,3,5
6/19/2023,Inspection,9,15,2504301,Depot B,24,26,3,8
6/29/2023,Inspection,8,23,1920123,Depot A,31,22,3,5
11/17/2023,Inspection,3,34,3763641,Depot B,25,63,17,17
3/8/2023,Maintenance,9,21,1981248,Depot A,75,26,8,1
1/2/2024,Repair,2,15,3834452,Depot B,100,40,15,1
11/16/2023,Maintenance,2,43,2525012,Depot A,29,36,2,17
1/11/2024,Maintenance,7,23,1606940,Depot A,66,69,16,20
11/13/2023,Maintenance,6,24,555437,Depot B,35,95,10,8
3/9/2023,Repair,2,1,8273196,Depot B,6,76,10,9
1/14/2024,Inspection,3,18,6870821,Depot A,63,81,9,19
3/3/2023,Repair,5,3,6413701,Depot B,66,64,0,0
7/22/2023,Inspection,8,38,5636982,Depot B,33,74,4,15
11/8/2023,Maintenance,4,14,8366792,Depot A,37,11,10,4
8/8/2023,Inspection,5,25,3800346,Depot A,46,77,5,20
1/30/2024,Inspection,1,20,7319408,Depot A,22,83,18,20
12/18/2023,Repair,8,5,3999720,Depot A,48,1,4,20
12/7/2023,Repair,5,0,7509995,Depot B,68,24,10,17
10/4/2023,Repair,10,30,4108311,Depot B,69,57,1,9
2/2/2024,Repair,5,38,9024685,Depot B,9,3,7,20
8/16/2023,Maintenance,6,16,7832386,Depot B,17,42,1,20
5/21/2023,Inspection,7,28,7826936,Depot B,60,28,19,0
1/14/2024,Maintenance,0,6,7633992,Depot A,53,41,10,13
1/19/2024,Inspection,7,21,2203363,Depot B,12,67,1,18
6/4/2023,Repair,6,20,92463,Depot B,17,24,14,5
7/7/2023,Repair,0,2,528473,Depot A,74,75,19,18
9/11/2023,Inspection,3,19,6677714,Depot B,40,76,11,11
4/27/2023,Inspection,2,30,3099965,Depot A,33,20,20,12
2/11/2024,Repair,10,34,180745,Depot B,40,26,18,4
12/3/2023,Repair,0,25,3061386,Depot B,85,23,20,16
11/13/2023,Inspection,3,5,418480,Depot A,42,72,6,11
3/6/2023,Maintenance,9,37,2331857,Depot B,87,25,14,9
3/12/2023,Maintenance,10,26,4754973,Depot B,61,13,7,9
3/16/2023,Inspection,10,0,9537404,Depot A,20,52,4,4
4/14/2023,Inspection,10,25,1422728,Depot B,91,44,18,20
12/6/2023,Maintenance,2,3,2589507,Depot A,43,36,18,17
9/4/2023,Maintenance,8,6,8985002,Depot B,69,52,4,18
3/5/2023,Maintenance,6,36,697454,Depot A,74,22,12,1
8/27/2023,Inspection,7,49,7869052,Depot B,22,41,15,10
5/19/2023,Inspection,8,24,6795888,Depot A,45,75,15,18
1/28/2024,Maintenance,10,50,7377102,Depot B,19,83,11,16
10/17/2023,Inspection,3,36,5623818,Depot A,25,73,4,14
8/23/2023,Repair,8,39,5322369,Depot B,62,98,10,19
2/19/2024,Inspection,7,31,5041636,Depot B,91,43,6,1
6/23/2023,Maintenance,8,50,1254465,Depot A,99,96,3,2
2/23/2024,Repair,2,15,9454763,Depot A,41,78,18,20
4/16/2023,Repair,7,0,9142076,Depot B,93,60,5,7
11/8/2023,Inspection,1,31,9364289,Depot A,24,84,8,18
6/29/2023,Inspection,8,33,303715,Depot A,37,26,14,17
2/24/2024,Maintenance,7,9,1101047,Depot B,89,26,5,2
10/30/2023,Maintenance,10,6,433347,Depot A,50,77,6,1
8/25/2023,Maintenance,5,45,5714956,Depot A,6,89,0,20
2/4/2024,Inspection,10,49,3877743,Depot B,44,59,16,17
4/6/2023,Repair,8,43,2430681,Depot B,25,39,13,8
12/6/2023,Inspection,1,28,4009008,Depot B,6,62,7,7
10/12/2023,Inspection,0,18,6324103,Depot B,96,1,17,20
5/1/2023,Inspection,6,10,8515523,Depot B,64,23,4,8
2/23/2024,Maintenance,6,33,1607638,Depot B,38,38,9,10
1/16/2024,Repair,0,6,1450692,Depot A,21,81,13,1
1/27/2024,Maintenance,7,43,6458511,Depot A,93,9,11,7
11/11/2023,Maintenance,5,3,2232242,Depot A,80,35,20,6
11/23/2023,Repair,6,12,7114820,Depot A,85,95,19,7
6/18/2023,Inspection,10,6,5317830,Depot A,88,57,14,4
11/6/2023,Inspection,9,43,1358738,Depot B,52,66,15,12
3/30/2023,Maintenance,2,10,3113357,Depot A,31,53,11,8
3/6/2023,Repair,8,35,9455090,Depot A,19,2,19,16
5/20/2023,Repair,2,43,2603735,Depot A,64,93,1,17
10/29/2023,Maintenance,3,34,7272073,Depot B,96,1,10,20
5/2/2023,Inspection,7,9,1432474,Depot A,34,73,3,5
5/17/2023,Inspection,8,24,4207315,Depot A,95,58,18,17
6/28/2023,Maintenance,3,33,5412663,Depot A,63,81,16,1
11/26/2023,Repair,1,23,458567,Depot B,46,41,7,7
5/7/2023,Maintenance,7,22,7124841,Depot A,7,36,1,16
2/27/2024,Inspection,6,7,4942042,Depot B,32,36,2,4
4/21/2023,Repair,4,45,6295684,Depot A,28,63,20,13
10/25/2023,Repair,1,26,323937,Depot B,94,48,2,2
7/21/2023,Repair,0,22,3631412,Depot B,99,36,9,20
2/17/2024,Maintenance,8,41,2050487,Depot B,95,27,13,18
1/7/2024,Maintenance,1,47,3520188,Depot B,14,63,6,16
10/24/2023,Maintenance,1,9,1998991,Depot A,21,64,17,12
9/22/2023,Repair,5,43,7768517,Depot A,34,18,7,2
10/30/2023,Maintenance,8,36,8665938,Depot A,39,28,11,15
8/5/2023,Repair,8,31,1281503,Depot A,92,88,15,3
8/24/2023,Repair,7,34,1034008,Depot B,74,49,17,11
10/24/2023,Maintenance,2,3,2050992,Depot A,40,9,0,11
8/21/2023,Maintenance,4,6,2223222,Depot B,18,37,12,2
8/20/2023,Repair,4,45,2343301,Depot A,4,48,3,16
1/13/2024,Inspection,6,43,1118927,Depot B,2,59,11,15
5/5/2023,Maintenance,9,46,7130502,Depot A,17,3,1,0
4/29/2023,Maintenance,7,23,2694471,Depot B,11,36,7,5
5/22/2023,Maintenance,8,38,3053535,Depot B,66,88,13,5
10/18/2023,Repair,3,14,5959566,Depot A,45,61,20,6
5/18/2023,Repair,0,13,309985,Depot B,85,63,16,18
12/12/2023,Repair,9,35,1024852,Depot A,57,95,5,4
9/18/2023,Maintenance,1,19,5850450,Depot A,75,8,3,15
11/11/2023,Repair,6,15,80495,Depot A,58,83,12,10
3/12/2023,Repair,5,12,6899223,Depot B,83,35,12,18
12/2/2023,Maintenance,0,29,4982597,Depot A,98,26,7,11
9/25/2023,Inspection,9,16,213862,Depot A,23,79,6,8
7/15/2023,Repair,6,30,157393,Depot A,94,7,10,15
11/30/2023,Maintenance,1,24,7404685,Depot A,66,61,11,12
6/17/2023,Inspection,8,5,4355332,Depot A,76,88,0,1
7/28/2023,Inspection,3,36,3844371,Depot A,41,14,15,2
6/13/2023,Inspection,3,43,7605500,Depot B,2,71,3,19
2/10/2024,Repair,9,13,7169392,Depot B,51,31,15,19
2/28/2023,Maintenance,8,2,342758,Depot A,89,25,4,19
9/12/2023,Repair,5,34,1072712,Depot B,84,97,7,10
11/8/2023,Inspection,6,32,9640176,Depot A,63,2,1,17
12/14/2023,Repair,3,39,3948181,Depot B,54,23,4,4
5/24/2023,Maintenance,2,13,1399786,Depot A,29,74,2,0
2/26/2024,Inspection,2,11,389766,Depot B,0,9,3,0
12/2/2023,Repair,6,18,1719456,Depot B,83,96,5,8
6/5/2023,Inspection,9,29,8432739,Depot A,42,55,12,15
6/16/2023,Maintenance,0,5,1769983,Depot B,75,27,8,11
12/6/2023,Repair,4,31,7424596,Depot B,4,65,15,7
4/24/2023,Inspection,7,18,8179748,Depot A,60,61,14,14
8/1/2023,Maintenance,4,18,9488200,Depot B,73,55,18,5
11/28/2023,Maintenance,3,29,9080940,Depot A,22,15,3,15
2/19/2024,Repair,0,17,9565217,Depot B,64,41,8,19
8/29/2023,Repair,1,32,3263714,Depot A,68,74,7,19
2/10/2024,Repair,8,46,791106,Depot A,88,14,9,14
8/12/2023,Inspection,9,32,7791898,Depot A,11,34,17,9
7/5/2023,Repair,2,32,9825899,Depot A,85,56,2,0
1/7/2024,Maintenance,3,21,5456783,Depot A,2,81,9,2
3/25/2023,Inspection,2,2,5302688,Depot A,56,29,12,0
7/18/2023,Inspection,2,20,6869867,Depot B,70,34,2,2
4/30/2023,Inspection,2,23,1062437,Depot A,1,9,7,7
7/18/2023,Maintenance,6,20,565436,Depot A,86,65,7,20
7/5/2023,Repair,0,4,3758705,Depot B,61,3,7,13
1/4/2024,Inspection,0,41,719681,Depot B,26,63,1,0
10/10/2023,Repair,3,22,5087692,Depot A,29,70,10,14
2/16/2024,Inspection,1,6,4330149,Depot B,20,64,3,4
12/1/2023,Maintenance,6,20,6714999,Depot B,3,98,8,10
10/30/2023,Maintenance,6,15,5925379,Depot A,53,71,7,2
2/27/2024,Inspection,5,20,6861301,Depot B,38,48,17,4
3/20/2023,Maintenance,9,44,721890,Depot A,71,21,11,6
7/5/2023,Repair,1,2,9993968,Depot A,50,57,16,3
5/19/2023,Inspection,1,10,1958527,Depot A,2,41,19,15
8/4/2023,Inspection,8,37,71044,Depot B,92,40,18,17
4/4/2023,Repair,7,31,6587213,Depot B,48,53,4,12
5/19/2023,Inspection,9,5,1907343,Depot A,62,19,16,2
2/7/2024,Maintenance,0,34,3546206,Depot B,47,59,19,14
10/1/2023,Inspection,8,42,4832747,Depot A,37,45,14,0
5/14/2023,Repair,8,11,1435043,Depot A,35,6,13,4
7/15/2023,Inspection,5,8,5504579,Depot A,19,92,4,19
10/21/2023,Inspection,10,12,8560622,Depot A,20,96,16,16
11/12/2023,Repair,9,45,7782060,Depot B,95,71,1,9
1/25/2024,Repair,9,11,1619812,Depot A,9,17,10,11
10/15/2023,Inspection,4,24,7830244,Depot A,8,43,1,7
8/3/2023,Repair,5,35,6002314,Depot A,99,61,18,18
7/16/2023,Inspection,5,5,5234447,Depot A,73,97,16,3
1/22/2024,Maintenance,0,27,2584892,Depot A,16,17,13,6
6/6/2023,Inspection,7,1,1869891,Depot B,59,48,6,11
11/27/2023,Maintenance,4,47,9656528,Depot A,57,39,19,7
7/7/2023,Repair,3,8,5513801,Depot B,61,84,15,5
1/15/2024,Maintenance,1,8,4720973,Depot B,85,95,16,19
12/30/2023,Repair,9,34,3713713,Depot A,85,80,6,11
10/31/2023,Repair,6,47,1631925,Depot B,67,25,10,18
1/30/2024,Maintenance,9,50,5106579,Depot A,84,26,18,18
4/25/2023,Repair,4,6,826977,Depot A,77,26,14,4
7/24/2023,Inspection,0,40,1531648,Depot B,80,15,15,11
12/30/2023,Maintenance,1,7,271278,Depot A,94,9,10,11
8/18/2023,Maintenance,5,24,5841110,Depot A,95,26,2,4
4/25/2023,Repair,8,23,2645283,Depot B,70,38,9,20
10/11/2023,Repair,4,11,6515999,Depot A,95,91,8,13
7/15/2023,Maintenance,5,32,274792,Depot B,58,16,17,3
9/18/2023,Maintenance,9,22,1103206,Depot A,3,46,5,5
3/10/2023,Inspection,5,18,8074742,Depot B,52,23,19,14
12/23/2023,Maintenance,3,44,8032714,Depot B,64,47,17,10
6/21/2023,Maintenance,6,45,3138831,Depot A,46,5,13,0
6/27/2023,Inspection,0,20,7032969,Depot B,35,89,13,16
1/2/2024,Repair,6,25,2162272,Depot B,6,94,6,10
6/15/2023,Maintenance,0,16,1986775,Depot A,76,65,15,18
8/21/2023,Inspection,2,2,3750438,Depot B,89,20,0,13
12/14/2023,Repair,6,50,5681707,Depot B,62,8,16,11
6/26/2023,Repair,3,28,6466500,Depot B,57,53,20,4
3/15/2023,Maintenance,6,41,3811516,Depot A,64,90,5,2
12/10/2023,Repair,5,1,2078609,Depot B,50,40,15,9
7/31/2023,Maintenance,7,8,4769857,Depot A,0,1,19,1
6/24/2023,Maintenance,10,19,3241956,Depot A,74,22,9,1
9/19/2023,Inspection,4,29,8878036,Depot B,78,69,16,16
3/23/2023,Maintenance,1,9,4558790,Depot B,17,72,2,6
10/17/2023,Repair,1,24,9030232,Depot A,10,6,17,20
1/15/2024,Inspection,1,4,9000425,Depot B,26,0,0,8
4/22/2023,Repair,0,39,5021220,Depot A,57,14,14,17
6/26/2023,Inspection,6,2,187763,Depot A,7,0,14,14
1/9/2024,Maintenance,4,42,770724,Depot A,34,86,17,13
4/25/2023,Repair,8,40,7311402,Depot B,16,73,10,2
8/15/2023,Inspection,9,46,4945550,Depot A,70,71,17,15
9/26/2023,Repair,0,7,7793514,Depot B,10,1,17,0
11/26/2023,Inspection,3,3,6097035,Depot A,69,60,2,17
5/20/2023,Repair,6,37,8310271,Depot A,29,73,8,19
6/14/2023,Repair,8,50,4667205,Depot B,71,82,9,0
8/28/2023,Maintenance,9,35,1658811,Depot A,39,54,3,16
1/27/2024,Inspection,1,49,2841463,Depot B,96,39,16,17
3/3/2023,Repair,0,15,3626312,Depot B,14,46,15,13
8/15/2023,Repair,0,43,7338014,Depot B,11,9,19,9
3/19/2023,Inspection,1,5,9362899,Depot A,57,95,1,1
5/6/2023,Maintenance,4,27,2042145,Depot B,50,74,0,20
12/25/2023,Repair,3,12,2163420,Depot B,92,13,0,3
7/28/2023,Inspection,2,8,299250,Depot B,39,16,19,8
5/15/2023,Maintenance,2,22,3712320,Depot A,61,54,14,2
12/21/2023,Maintenance,5,34,1943107,Depot B,97,12,16,10
4/19/2023,Inspection,8,35,6885894,Depot B,51,11,15,19
2/6/2024,Inspection,3,41,9916984,Depot A,24,52,15,14
9/27/2023,Maintenance,0,39,8636461,Depot B,49,27,12,12
9/25/2023,Repair,6,21,1637983,Depot A,6,70,9,13
3/14/2023,Repair,9,17,4657068,Depot A,18,57,4,17
3/26/2023,Maintenance,2,32,9381279,Depot A,7,39,10,8
9/27/2023,Repair,4,13,4394636,Depot B,10,9,20,14
10/5/2023,Maintenance,9,33,835795,Depot A,21,87,3,19
2/14/2024,Maintenance,10,23,6192240,Depot A,93,46,8,3
8/14/2023,Repair,10,10,4175011,Depot A,17,87,1,4
10/4/2023,Inspection,10,14,1045144,Depot B,2,99,4,12
6/28/2023,Inspection,4,45,7625520,Depot A,91,12,13,14
6/25/2023,Inspection,0,39,6731516,Depot A,81,85,6,10
2/1/2024,Repair,4,39,8438779,Depot B,44,56,1,9
4/28/2023,Repair,2,0,7441325,Depot B,97,93,17,16
1/31/2024,Maintenance,8,20,8676146,Depot B,33,98,12,10
2/11/2024,Repair,1,10,4825283,Depot A,7,31,16,1
10/19/2023,Inspection,0,27,1846972,Depot A,28,84,16,17
7/12/2023,Maintenance,5,44,1932491,Depot A,36,13,17,14
2/18/2024,Maintenance,0,18,937656,Depot B,99,34,20,7
4/4/2023,Inspection,4,40,2278355,Depot A,52,5,5,4
9/5/2023,Inspection,9,12,7908281,Depot B,100,98,19,15
9/25/2023,Maintenance,8,20,3850333,Depot B,66,66,16,2
1/18/2024,Inspection,8,23,4548993,Depot A,94,25,10,7
7/15/2023,Maintenance,1,37,9577134,Depot B,75,5,15,3
6/4/2023,Inspection,9,27,695306,Depot B,50,91,6,12
6/19/2023,Repair,4,5,5611762,Depot A,40,75,8,12
6/12/2023,Inspection,9,44,1686965,Depot A,16,0,18,10
9/5/2023,Maintenance,0,9,506419,Depot B,18,63,0,9
9/24/2023,Inspection,8,48,9578468,Depot B,12,16,20,4
1/28/2024,Repair,7,15,1673445,Depot A,0,45,6,15
3/27/2023,Repair,8,3,7377221,Depot A,4,25,10,10
11/7/2023,Repair,8,40,5804664,Depot B,93,89,13,14
4/28/2023,Inspection,2,16,9318724,Depot A,66,84,20,20
8/21/2023,Inspection,4,7,4833453,Depot B,53,5,13,11
4/4/2023,Inspection,1,43,3618958,Depot A,45,71,13,7
3/19/2023,Maintenance,10,27,7241895,Depot A,35,100,4,8
11/1/2023,Inspection,10,19,8331044,Depot A,77,17,18,13
9/20/2023,Repair,4,23,9838735,Depot A,94,51,10,12
11/11/2023,Maintenance,8,42,7974344,Depot B,55,2,18,20
10/23/2023,Inspection,1,24,4926953,Depot A,11,70,18,19
10/7/2023,Repair,4,37,6410859,Depot B,75,34,2,7
9/11/2023,Inspection,9,27,6156690,Depot B,62,1,18,17
11/2/2023,Maintenance,5,9,5288307,Depot B,44,50,5,8
5/1/2023,Inspection,5,15,6103789,Depot B,79,45,15,4
9/14/2023,Inspection,2,24,7691830,Depot B,22,25,17,1
6/13/2023,Maintenance,5,25,2219682,Depot A,20,62,3,17
9/9/2023,Repair,7,48,5788449,Depot B,66,43,5,20
8/23/2023,Inspection,5,37,8977482,Depot A,81,5,7,18
7/3/2023,Repair,1,4,5285434,Depot B,72,70,19,10
8/24/2023,Inspection,0,29,2068430,Depot A,59,91,20,17
5/4/2023,Repair,0,24,5087891,Depot B,87,61,20,19
1/2/2024,Repair,10,1,9404815,Depot B,99,95,6,8
12/11/2023,Maintenance,7,12,5522791,Depot B,24,3,13,19
5/7/2023,Repair,7,9,9053654,Depot B,28,37,3,4
6/30/2023,Repair,0,41,687139,Depot A,85,45,10,9
3/24/2023,Maintenance,9,15,4917661,Depot A,69,58,14,2
10/11/2023,Repair,6,46,8544163,Depot A,52,46,15,0
11/23/2023,Maintenance,10,48,3891326,Depot B,95,34,0,19
4/25/2023,Maintenance,8,30,4771630,Depot B,41,91,0,18
8/23/2023,Repair,1,7,2336571,Depot B,48,77,10,7
8/15/2023,Maintenance,8,38,7364904,Depot B,56,10,4,14
12/21/2023,Maintenance,6,42,6253838,Depot A,0,96,4,13
9/14/2023,Inspection,7,19,5261725,Depot A,65,30,18,5
5/29/2023,Inspection,8,23,4172504,Depot B,48,4,7,7
6/18/2023,Maintenance,3,24,6556790,Depot A,0,86,0,14
11/16/2023,Repair,5,11,3157015,Depot B,11,18,2,4
10/16/2023,Repair,6,10,1225731,Depot B,23,63,14,8
12/21/2023,Repair,1,17,5455041,Depot B,5,82,17,2
8/27/2023,Maintenance,4,38,986453,Depot B,65,69,12,4
9/22/2023,Inspection,2,18,7604212,Depot B,85,91,16,0
1/8/2024,Maintenance,5,1,6271069,Depot A,30,19,2,14
10/20/2023,Maintenance,0,45,9245720,Depot B,9,29,11,16
4/14/2023,Inspection,1,25,4400788,Depot B,68,33,4,9
11/26/2023,Repair,5,30,1795269,Depot B,22,10,0,13
5/10/2023,Maintenance,5,27,3206740,Depot B,56,87,20,3
10/13/2023,Repair,4,48,3785303,Depot B,66,79,0,16
7/25/2023,Inspection,9,23,320071,Depot B,85,53,12,17
10/21/2023,Repair,3,40,9095016,Depot A,68,20,5,11
4/19/2023,Maintenance,5,20,1854095,Depot B,16,49,8,18
12/29/2023,Inspection,8,50,3540731,Depot B,81,58,0,5
10/3/2023,Maintenance,9,12,9039219,Depot A,87,77,7,18
4/6/2023,Maintenance,8,50,4415728,Depot A,11,13,2,8
4/25/2023,Inspection,10,5,2765858,Depot B,93,44,8,0
11/25/2023,Inspection,9,11,3779158,Depot A,45,81,20,2
6/5/2023,Inspection,7,43,5839431,Depot A,98,5,14,18
11/25/2023,Maintenance,5,35,6095939,Depot A,84,25,4,20
5/2/2023,Repair,0,22,9388845,Depot A,97,95,14,3
7/15/2023,Inspection,10,8,2768945,Depot B,98,40,9,16
9/15/2023,Repair,4,28,4537916,Depot B,56,88,3,2
10/14/2023,Inspection,5,31,4162954,Depot B,81,32,5,11
2/24/2024,Inspection,5,41,2455937,Depot B,94,72,12,13
2/6/2024,Repair,8,28,5655303,Depot A,32,30,0,18
10/4/2023,Maintenance,9,21,5111448,Depot B,61,5,16,15
6/15/2023,Maintenance,9,17,6370509,Depot A,61,41,5,12
7/31/2023,Inspection,2,20,8429659,Depot B,84,55,9,1
6/10/2023,Maintenance,1,37,7720480,Depot B,13,98,6,3
6/27/2023,Inspection,4,10,9266208,Depot B,2,83,5,14
7/25/2023,Repair,7,6,9308944,Depot B,66,1,11,5
12/19/2023,Repair,8,45,3673856,Depot B,95,97,8,17
10/16/2023,Repair,7,32,278742,Depot A,66,71,5,13
1/14/2024,Inspection,3,26,9521800,Depot A,18,87,11,9
4/3/2023,Inspection,5,23,7790421,Depot A,26,89,7,2
5/29/2023,Maintenance,9,33,8124787,Depot B,82,84,7,0
11/13/2023,Maintenance,6,35,2597844,Depot A,18,64,13,16
9/14/2023,Inspection,7,21,2477569,Depot A,85,75,18,15
9/1/2023,Inspection,4,46,5118259,Depot A,1,25,19,4
5/22/2023,Inspection,4,18,3983865,Depot A,25,35,13,10
12/28/2023,Maintenance,8,27,7522990,Depot A,92,10,8,15
2/3/2024,Repair,10,3,807842,Depot A,64,66,16,8
10/19/2023,Repair,8,30,3573618,Depot B,96,100,18,20
9/7/2023,Maintenance,8,15,1565473,Depot B,81,13,13,5
10/26/2023,Maintenance,0,9,8632345,Depot A,57,74,5,0
2/10/2024,Repair,7,7,7265609,Depot B,33,98,20,2
2/19/2024,Inspection,6,7,3310614,Depot A,57,69,5,1
5/24/2023,Maintenance,9,40,5993851,Depot A,16,9,16,6
9/10/2023,Repair,3,49,8487994,Depot A,55,80,2,5
10/14/2023,Maintenance,9,9,2468246,Depot B,70,58,20,14
5/5/2023,Repair,5,40,2988770,Depot A,42,0,17,12
7/22/2023,Maintenance,7,18,5496948,Depot B,54,48,7,0
12/9/2023,Repair,7,10,7707340,Depot A,86,33,7,17
10/17/2023,Maintenance,6,33,9451372,Depot B,56,13,1,9
10/22/2023,Maintenance,0,0,2406508,Depot B,30,60,11,4
3/5/2023,Maintenance,1,31,770892,Depot A,86,73,2,10
7/2/2023,Inspection,10,6,8543993,Depot A,43,62,1,14
1/10/2024,Maintenance,5,6,7424084,Depot B,23,6,1,2
7/19/2023,Inspection,6,15,5519897,Depot B,0,81,19,16
3/18/2023,Inspection,4,38,8515575,Depot A,67,90,11,16
8/19/2023,Maintenance,0,21,9753091,Depot A,28,84,11,8
10/20/2023,Inspection,8,5,7203321,Depot B,52,3,13,1
3/29/2023,Repair,1,6,8428296,Depot A,22,72,7,9
6/20/2023,Maintenance,2,39,8329046,Depot A,17,61,12,14
7/26/2023,Maintenance,10,31,7321337,Depot A,91,84,17,7
10/11/2023,Maintenance,7,49,2062622,Depot A,21,90,19,0
7/6/2023,Inspection,1,0,8107950,Depot A,83,89,16,16
5/19/2023,Repair,4,37,7108997,Depot A,16,94,3,3
5/9/2023,Inspection,8,12,2467384,Depot B,48,49,13,10
6/16/2023,Inspection,5,6,8187157,Depot A,25,55,9,9
2/23/2024,Inspection,7,26,551652,Depot B,18,21,12,13
4/5/2023,Repair,0,15,7374662,Depot A,94,20,16,8
4/18/2023,Maintenance,8,12,4159550,Depot A,20,42,18,5
8/19/2023,Maintenance,8,28,8625104,Depot A,76,27,10,9
4/5/2023,Maintenance,6,13,6541917,Depot B,59,8,20,15
3/4/2023,Repair,4,26,7406167,Depot B,45,83,13,15
6/17/2023,Repair,8,3,9759434,Depot B,75,50,12,10
1/18/2024,Maintenance,7,4,3784722,Depot A,97,28,10,5
2/9/2024,Inspection,3,13,6549221,Depot A,64,22,2,2
7/29/2023,Repair,2,14,6103983,Depot B,8,12,2,8
7/19/2023,Repair,6,33,2237776,Depot B,77,30,18,12
9/14/2023,Repair,0,5,3476740,Depot B,1,94,11,15
4/5/2023,Inspection,10,16,8555080,Depot A,52,10,4,3
4/16/2023,Inspection,2,3,5732325,Depot A,28,92,7,10
2/15/2024,Inspection,7,14,720781,Depot B,62,16,13,2
9/15/2023,Repair,6,5,3430766,Depot A,41,45,2,19
5/12/2023,Repair,7,37,6146081,Depot A,87,8,7,15
1/14/2024,Inspection,4,13,1423338,Depot B,43,100,8,17
7/23/2023,Repair,10,12,2984485,Depot A,21,76,18,18
7/30/2023,Maintenance,0,33,1728286,Depot B,8,11,16,4
8/15/2023,Maintenance,0,1,1400481,Depot A,72,88,19,5
12/2/2023,Repair,1,47,3726776,Depot B,31,61,20,16
2/1/2024,Repair,10,32,6857942,Depot A,48,77,11,7
7/7/2023,Inspection,5,2,3444476,Depot A,38,70,5,20
7/2/2023,Repair,9,45,3977886,Depot A,23,61,12,16
5/3/2023,Repair,5,33,6016351,Depot B,95,93,1,8
5/18/2023,Maintenance,1,40,5166882,Depot A,61,10,17,13
1/19/2024,Inspection,1,7,5158376,Depot A,96,95,5,17
8/4/2023,Inspection,7,13,8085188,Depot B,94,21,14,1
12/10/2023,Repair,9,5,8610071,Depot A,65,0,17,15
4/15/2023,Repair,2,42,3734012,Depot B,89,43,7,8
1/5/2024,Maintenance,7,12,8211789,Depot A,7,91,6,15
5/30/2023,Inspection,10,43,9310777,Depot A,81,29,8,13
10/17/2023,Repair,6,22,5644099,Depot A,82,54,17,4
3/4/2023,Maintenance,5,11,560729,Depot B,64,27,17,3
10/10/2023,Inspection,5,9,3955138,Depot B,54,27,9,16
4/11/2023,Maintenance,7,45,1880593,Depot A,96,80,13,5
3/9/2023,Repair,1,36,8423883,Depot B,3,2,8,10
5/9/2023,Maintenance,8,9,5396274,Depot A,21,63,16,4
2/20/2024,Inspection,4,34,3627985,Depot A,48,41,19,10
10/2/2023,Maintenance,5,1,5812500,Depot A,80,57,2,0
12/16/2023,Repair,8,21,1841877,Depot A,16,44,18,16
2/27/2024,Inspection,6,8,9816987,Depot A,23,3,16,16
5/9/2023,Inspection,5,46,6731427,Depot A,9,34,17,17
2/6/2024,Inspection,8,23,8975303,Depot B,59,14,11,18
5/28/2023,Repair,4,20,6872552,Depot B,26,96,11,18
9/9/2023,Repair,9,0,958531,Depot A,90,11,9,13
12/30/2023,Inspection,6,33,3233461,Depot B,72,45,13,15
6/29/2023,Inspection,3,20,2572248,Depot B,82,82,9,17
8/11/2023,Inspection,1,6,4116349,Depot A,100,23,8,8
10/27/2023,Maintenance,4,12,2115822,Depot B,13,60,0,17
6/3/2023,Repair,5,5,2411840,Depot B,93,28,7,16
2/7/2024,Inspection,2,38,1472386,Depot B,28,5,3,11
2/14/2024,Maintenance,3,34,4606912,Depot B,46,61,5,0
4/16/2023,Repair,8,36,859946,Depot A,83,0,7,6
11/13/2023,Inspection,0,50,3467299,Depot B,63,42,10,12
2/10/2024,Inspection,7,30,4367433,Depot B,22,17,7,14
9/12/2023,Repair,7,14,9250157,Depot A,94,8,15,19
10/3/2023,Inspection,1,1,2439511,Depot B,54,100,12,15
12/30/2023,Maintenance,3,12,1364104,Depot A,84,70,17,10
3/14/2023,Inspection,8,31,9269065,Depot A,75,33,17,11
9/21/2023,Repair,10,10,7303418,Depot B,25,52,13,15
9/8/2023,Inspection,6,33,8530779,Depot B,92,53,1,16
9/9/2023,Repair,10,17,9009413,Depot B,99,60,11,18
8/26/2023,Inspection,2,15,7923494,Depot B,84,73,3,10
5/9/2023,Maintenance,5,11,4837511,Depot B,89,34,11,20
4/11/2023,Maintenance,3,29,8434060,Depot B,62,1,14,9
